gray2bin.sv,val/common_level0/fifo_async/
reverse_vector.sv,
debounce.sv,
clock_pulse.sv,
math_adder_brent_kung_032.sv,
arbiter_weighted_round_robin.sv,val/common_level0/arbiter_weighted_round_robin_wrapper/
shifter_lfsr.sv,
leading_one_trailing_one.sv,val/common_level0/arbiter_round_robin/,val/common_level0/fifo_async_div2/,val/common_level0/arbiter_round_robin_wrapper/
math_multiplier_array.sv,
math_multiplier_dadda_tree_032.sv,
glitch_free_n_dff_arn.sv,val/common_level0/fifo_async/,val/common_level0/fifo_async_div2/
math_booth_encoding.sv,
find_last_set.sv,val/common_level0/leading_one_trailing_one/,val/common_level0/arbiter_round_robin/,val/common_level0/fifo_async_div2/,val/common_level0/arbiter_round_robin_wrapper/
sort.sv,
bin2gray.sv,
math_adder_ripple_carry.sv,
math_multiplier_wallace_tree_032.sv,
arbiter_round_robin.sv,val/common_level0/arbiter_round_robin_wrapper/
math_adder_full.sv,val/common_level0/math_multiplier_wallace_tree_032/,val/common_level0/math_adder_ripple_carry/,val/common_level0/math_multiplier_dadda_tree_032/,val/common_level0/math_multiplier_array/,val/common_level0/math_adder_full_nbit/,val/common_level0/math_multiplier_dadda_tree_016/,val/common_level0/math_multiplier_dadda_tree_008/,val/common_level0/math_multiplier_wallace_tree_008/,val/common_level0/math_addsub_full_nbit/,val/common_level0/math_multiplier_wallace_tree_016/
counter_bin.sv,val/common_level0/fifo_async_div2/,val/common_level0/arbiter_round_robin_wrapper/,val/common_level0/fifo_sync/,val/common_level0/arbiter_weighted_round_robin_wrapper/
encoder_priority_enable.sv,
math_multiplier_wallace_tree_csa_008.sv,
hex_to_7seg.sv,
counter_bingray.sv,val/common_level0/fifo_async/
counter_load_clear.sv,
math_multiplier_carry_lookahead.sv,
math_adder_brent_kung_008.sv,
math_adder_half.sv,val/common_level0/math_multiplier_wallace_tree_032/,val/common_level0/math_multiplier_wallace_tree_csa_008/,val/common_level0/math_multiplier_dadda_tree_032/,val/common_level0/math_multiplier_array/,val/common_level0/math_multiplier_dadda_tree_016/,val/common_level0/math_multiplier_dadda_tree_008/,val/common_level0/math_multiplier_wallace_tree_008/,val/common_level0/math_multiplier_wallace_tree_csa_032/,val/common_level0/math_multiplier_wallace_tree_csa_016/,val/common_level0/math_multiplier_wallace_tree_016/
counter_johnson.sv,val/common_level0/fifo_async_div2/
math_multiplier_dadda_tree_008.sv,
math_multiplier_wallace_tree_csa_016.sv,
bin_to_bcd.sv,
math_adder_full_nbit.sv,val/common_level0/math_multiplier_array/
math_multiplier_booth_radix_4_encoder.sv,
math_adder_carry_save.sv,val/common_level0/math_multiplier_wallace_tree_csa_008/,val/common_level0/math_multiplier_dadda_tree_032/,val/common_level0/math_multiplier_dadda_tree_016/,val/common_level0/math_multiplier_dadda_tree_008/,val/common_level0/math_multiplier_wallace_tree_csa_032/,val/common_level0/math_multiplier_wallace_tree_csa_016/
pwm.sv,val/common_level0/arbiter_round_robin_wrapper/,val/common_level0/arbiter_weighted_round_robin_wrapper/
math_addsub_full_nbit.sv,
math_multiplier_booths.sv,
math_multiplier_wallace_tree_csa_032.sv,
math_multiplier_wallace_tree_008.sv,
clock_divider.sv,
fifo_async.sv,
math_adder_carry_lookahead.sv,val/common_level0/math_multiplier_booths/,val/common_level0/math_adder_hierarchical/
math_subtractor_carry_lookahead.sv,
math_adder_brent_kung_sum.sv,val/common_level0/math_adder_brent_kung_008/,val/common_level0/math_adder_brent_kung_016/,val/common_level0/math_adder_brent_kung_032/
math_multiplier_wallace_tree_016.sv,
math_adder_hierarchical.sv,val/common_level0/math_multiplier_booths/
math_adder_kogge_stone_nbit.sv,
decoder.sv,
math_adder_brent_kung_grouppg_032.sv,val/common_level0/math_adder_brent_kung_032/
math_subtractor_full_nbit.sv,
shifter_universal.sv,
math_subtractor_full.sv,val/common_level0/math_subtractor_full_nbit/
math_subtractor_ripple_carry.sv,
count_leading_zeros.sv,
fifo_sync.sv,val/common_level0/arbiter_round_robin_wrapper/,val/common_level0/arbiter_weighted_round_robin_wrapper/
math_adder_brent_kung_pg.sv,val/common_level0/math_adder_brent_kung_008/,val/common_level0/math_adder_brent_kung_016/,val/common_level0/math_adder_brent_kung_032/
math_adder_brent_kung_black.sv,val/common_level0/math_adder_brent_kung_008/,val/common_level0/math_adder_brent_kung_016/,val/common_level0/math_adder_brent_kung_032/
math_divider_srt.sv,
math_adder_brent_kung_bitwisepg.sv,val/common_level0/math_adder_brent_kung_008/,val/common_level0/math_adder_brent_kung_016/,val/common_level0/math_adder_brent_kung_032/
shifter_barrel.sv,
arbiter_fixed_priority.sv,val/common_level0/arbiter_weighted_round_robin/,val/common_level0/arbiter_weighted_round_robin_wrapper/
math_adder_brent_kung_016.sv,
find_first_set.sv,val/common_level0/leading_one_trailing_one/,val/common_level0/arbiter_round_robin/,val/common_level0/fifo_async_div2/,val/common_level0/arbiter_round_robin_wrapper/
arbiter_round_robin_subinst.sv,val/common_level0/arbiter_weighted_round_robin/,val/common_level0/arbiter_weighted_round_robin_wrapper/
math_adder_brent_kung_gray.sv,val/common_level0/math_adder_brent_kung_008/,val/common_level0/math_adder_brent_kung_016/,val/common_level0/math_adder_brent_kung_032/
math_adder_brent_kung_grouppg_016.sv,val/common_level0/math_adder_brent_kung_016/
math_adder_carry_save_nbit.sv,
fifo_async_div2.sv,
math_adder_brent_kung_grouppg_008.sv,val/common_level0/math_adder_brent_kung_008/
encoder.sv,
math_subtractor_half.sv,
grayj2bin.sv,val/common_level0/fifo_async_div2/
math_multiplier_dadda_tree_016.sv,
round_robin_arbiter.sv,
rrb_arb.sv,
binary_to_bcd.sv,
fixed_prio_arb.sv,
weighted_round_robin.sv,val/common_level0/arbiter_weighted_round_robin_wrapper/
