val/common_level0/leading_one_trailing_one,/rtl/common/find_first_set.sv,/rtl/common/find_last_set.sv
val/common_level0/math_subtractor_full_nbit,/rtl/common/math_subtractor_full.sv
val/common_level0/math_multiplier_wallace_tree_032,/rtl/common/math_adder_half.sv,/rtl/common/math_adder_full.sv
val/common_level0/arbiter_round_robin,/rtl/common/find_first_set.sv,/rtl/common/find_last_set.sv,/rtl/common/leading_one_trailing_one.sv
val/common_level0/fifo_async,/rtl/common/counter_bingray.sv,/rtl/common/gray2bin.sv,/rtl/common/glitch_free_n_dff_arn.sv
val/common_level0/fifo_async_div2,/rtl/common/find_first_set.sv,/rtl/common/find_last_set.sv,/rtl/common/leading_one_trailing_one.sv,/rtl/common/counter_bin.sv,/rtl/common/counter_johnson.sv,/rtl/common/grayj2bin.sv,/rtl/common/glitch_free_n_dff_arn.sv
val/common_level0/math_adder_ripple_carry,/rtl/common/math_adder_full.sv
val/common_level0/math_multiplier_wallace_tree_csa_008,/rtl/common/math_adder_half.sv,/rtl/common/math_adder_carry_save.sv
val/common_level0/math_multiplier_booths,/rtl/common/math_adder_carry_lookahead.sv,/rtl/common/math_adder_hierarchical.sv
val/common_level0/math_multiplier_dadda_tree_032,/rtl/common/math_adder_half.sv,/rtl/common/math_adder_full.sv,/rtl/common/math_adder_carry_save.sv
val/common_level0/math_multiplier_array,/rtl/common/math_adder_half.sv,/rtl/common/math_adder_full.sv,/rtl/common/math_adder_full_nbit.sv
val/common_level0/math_adder_full_nbit,/rtl/common/math_adder_full.sv
val/common_level0/arbiter_weighted_round_robin,/rtl/common/arbiter_fixed_priority.sv,/rtl/common/arbiter_round_robin_subinst.sv
val/common_level0/math_adder_brent_kung_008,/rtl/common/math_adder_brent_kung_pg.sv,/rtl/common/math_adder_brent_kung_black.sv,/rtl/common/math_adder_brent_kung_gray.sv,/rtl/common/math_adder_brent_kung_bitwisepg.sv,/rtl/common/math_adder_brent_kung_grouppg_008.sv,/rtl/common/math_adder_brent_kung_sum.sv
val/common_level0/math_adder_brent_kung_016,/rtl/common/math_adder_brent_kung_pg.sv,/rtl/common/math_adder_brent_kung_black.sv,/rtl/common/math_adder_brent_kung_gray.sv,/rtl/common/math_adder_brent_kung_bitwisepg.sv,/rtl/common/math_adder_brent_kung_grouppg_016.sv,/rtl/common/math_adder_brent_kung_sum.sv
val/common_level0/arbiter_round_robin_wrapper,/rtl/common/counter_bin.sv,/rtl/common/fifo_sync.sv,/rtl/common/find_first_set.sv,/rtl/common/find_last_set.sv,/rtl/common/leading_one_trailing_one.sv,/rtl/common/arbiter_round_robin.sv,/rtl/common/pwm.sv
val/common_level0/math_multiplier_dadda_tree_016,/rtl/common/math_adder_half.sv,/rtl/common/math_adder_full.sv,/rtl/common/math_adder_carry_save.sv
val/common_level0/fifo_sync,/rtl/common/counter_bin.sv
val/common_level0/math_multiplier_dadda_tree_008,/rtl/common/math_adder_half.sv,/rtl/common/math_adder_full.sv,/rtl/common/math_adder_carry_save.sv
val/common_level0/arbiter_weighted_round_robin_wrapper,/rtl/common/counter_bin.sv,/rtl/common/fifo_sync.sv,/rtl/common/arbiter_fixed_priority.sv,/rtl/common/arbiter_round_robin_subinst.sv,/rtl/common/arbiter_weighted_round_robin.sv,/rtl/common/pwm.sv
val/common_level0/math_multiplier_wallace_tree_008,/rtl/common/math_adder_half.sv,/rtl/common/math_adder_full.sv
val/common_level0/math_multiplier_wallace_tree_csa_032,/rtl/common/math_adder_half.sv,/rtl/common/math_adder_carry_save.sv
val/common_level0/math_adder_brent_kung_032,/rtl/common/math_adder_brent_kung_pg.sv,/rtl/common/math_adder_brent_kung_black.sv,/rtl/common/math_adder_brent_kung_gray.sv,/rtl/common/math_adder_brent_kung_bitwisepg.sv,/rtl/common/math_adder_brent_kung_grouppg_032.sv,/rtl/common/math_adder_brent_kung_sum.sv
val/common_level0/math_multiplier_wallace_tree_csa_016,/rtl/common/math_adder_half.sv,/rtl/common/math_adder_carry_save.sv
val/common_level0/math_adder_hierarchical,/rtl/common/math_adder_carry_lookahead.sv
val/common_level0/math_addsub_full_nbit,/rtl/common/math_adder_full.sv
val/common_level0/math_multiplier_wallace_tree_016,/rtl/common/math_adder_half.sv,/rtl/common/math_adder_full.sv
