arbiter_fixed_priority, rtl/common/arbiter_fixed_priority.sv
arbiter_round_robin_subinst, rtl/common/arbiter_round_robin_subinst.sv
arbiter_round_robin, rtl/common/arbiter_round_robin.sv
arbiter_weighted_round_robin, rtl/common/arbiter_weighted_round_robin.sv
bin2gray, rtl/common/bin2gray.sv
bin_to_bcd, rtl/common/bin_to_bcd.sv
clock_divider, rtl/common/clock_divider.sv
clock_pulse, rtl/common/clock_pulse.sv
counter_bingray, rtl/common/counter_bingray.sv
counter_bin, rtl/common/counter_bin.sv
counter_johnson, rtl/common/counter_johnson.sv
counter_load_clear, rtl/common/counter_load_clear.sv
count_leading_zeros, rtl/common/count_leading_zeros.sv
debounce, rtl/common/debounce.sv
decoder, rtl/common/decoder.sv
encoder_priority_enable, rtl/common/encoder_priority_enable.sv
encoder, rtl/common/encoder.sv
fifo_async_any_even, rtl/common/fifo_async_any_even.sv
fifo_async, rtl/common/fifo_async.sv
fifo_sync, rtl/common/fifo_sync.sv
find_first_set, rtl/common/find_first_set.sv
find_last_set, rtl/common/find_last_set.sv
glitch_free_n_dff_arn, rtl/common/glitch_free_n_dff_arn.sv
gray2bin, rtl/common/gray2bin.sv
grayj2bin, rtl/common/grayj2bin.sv
hex_to_7seg, rtl/common/hex_to_7seg.sv
leading_one_trailing_one, rtl/common/leading_one_trailing_one.sv
math_adder_brent_kung_008, rtl/common/math_adder_brent_kung_008.sv
math_adder_brent_kung_bitwisepg, rtl/common/math_adder_brent_kung_bitwisepg.sv
math_adder_brent_kung_black, rtl/common/math_adder_brent_kung_black.sv
math_adder_brent_kung_gray, rtl/common/math_adder_brent_kung_gray.sv
math_adder_brent_kung_grouppg_008, rtl/common/math_adder_brent_kung_grouppg_008.sv
math_adder_brent_kung_pg, rtl/common/math_adder_brent_kung_pg.sv
math_adder_brent_kung_sum, rtl/common/math_adder_brent_kung_sum.sv
math_adder_carry_lookahead, rtl/common/math_adder_carry_lookahead.sv
math_adder_carry_save_nbit, rtl/common/math_adder_carry_save_nbit.sv
math_adder_carry_save, rtl/common/math_adder_carry_save.sv
math_adder_full_nbit, rtl/common/math_adder_full_nbit.sv
math_adder_full, rtl/common/math_adder_full.sv
math_adder_half, rtl/common/math_adder_half.sv
math_adder_hierarchical, rtl/common/math_adder_hierarchical.sv
math_adder_kogge_stone_nbit, rtl/common/math_adder_kogge_stone_nbit.sv
math_adder_ripple_carry, rtl/common/math_adder_ripple_carry.sv
math_addsub_full_nbit, rtl/common/math_addsub_full_nbit.sv
math_booth_encoding, rtl/common/math_booth_encoding.sv
math_divider_reciprocal, rtl/common/math_divider_reciprocal.sv
math_divider_srt, rtl/common/math_divider_srt.sv
math_multiplier_array, rtl/common/math_multiplier_array.sv
math_multiplier_booth_radix_4_encoder, rtl/common/math_multiplier_booth_radix_4_encoder.sv
math_multiplier_booths, rtl/common/math_multiplier_booths.sv
math_multiplier_carry_lookahead, rtl/common/math_multiplier_carry_lookahead.sv
math_multiplier_dadda_tree_008, rtl/common/math_multiplier_dadda_tree_008.sv
math_multiplier_wallace_tree_008, rtl/common/math_multiplier_wallace_tree_008.sv
math_multiplier_wallace_tree_csa_008, rtl/common/math_multiplier_wallace_tree_csa_008.sv
math_subtractor_carry_lookahead, rtl/common/math_subtractor_carry_lookahead.sv
math_subtractor_full_nbit, rtl/common/math_subtractor_full_nbit.sv
math_subtractor_full, rtl/common/math_subtractor_full.sv
math_subtractor_half, rtl/common/math_subtractor_half.sv
math_subtractor_ripple_carry, rtl/common/math_subtractor_ripple_carry.sv
pwm, rtl/common/pwm.sv
reverse_vector, rtl/common/reverse_vector.sv
shifter_barrel, rtl/common/shifter_barrel.sv
shifter_lfsr, rtl/common/shifter_lfsr.sv
shifter_universal, rtl/common/shifter_universal.sv
sort, rtl/common/sort.sv
